{
  "total_pokemon": 898,
  "description_lengths": {
    "count": 898.0,
    "mean": 122.82516703786192,
    "std": 26.22825693387259,
    "min": 67.0,
    "25%": 102.0,
    "50%": 121.0,
    "75%": 137.0,
    "max": 228.0
  },
  "valid_images": 898,
  "missing_images": 0
}