{
  "model_checkpoint": "data\\models\\checkpoints_hq_v2\\best_model.pt",
  "test_samples": 91,
  "batch_count": 46,
  "results": {
    "SSIM": 0.6721927406995193,
    "PSNR": 12.870898873094436,
    "L1 Distance": 0.11410972249248753,
    "L2 Distance": 0.23096266939588214,
    "LPIPS": 0.5293603189613508,
    "FID": 1255.6514848131537,
    "IS Mean": 2.668323278427124,
    "IS Std": 0.35292619466781616
  },
  "detailed_metrics": {
    "ssim": {
      "mean": 0.6721927406995193,
      "std": 0.047422469024548206,
      "min": 0.5966373682022095,
      "max": 0.8247443437576294
    },
    "psnr": {
      "mean": 12.870898873094436,
      "std": 1.1582557141504495,
      "min": 9.392292033976249,
      "max": 15.067282571066428
    },
    "l1": {
      "mean": 0.11410972249248753,
      "std": 0.022553833957721932,
      "min": 0.07849323749542236,
      "max": 0.18641871213912964
    },
    "l2": {
      "mean": 0.23096266939588214,
      "std": 0.03277502148615794,
      "min": 0.17649686336517334,
      "max": 0.33971935510635376
    },
    "lpips": {
      "mean": 0.5293603189613508,
      "std": 0.03956061171301479,
      "min": 0.43939948081970215,
      "max": 0.6191011667251587
    },
    "fid": {
      "mean": 1255.6514848131537
    },
    "inception_score": {
      "mean": 2.668323278427124,
      "std": 0.35292619466781616
    }
  },
  "config": {
    "augmentation": {
      "center_crop": false,
      "color_jitter": {
        "brightness": 0.05,
        "contrast": 0.05,
        "hue": 0.02,
        "saturation": 0.1
      },
      "enabled": true,
      "horizontal_flip": 0.2,
      "random_crop": false,
      "rotation_degrees": 3
    },
    "data": {
      "image_size": 320,
      "images_dir": "data/raw/images",
      "preprocessing": {
        "anti_aliasing": true,
        "normalize_range": [
          -1,
          1
        ],
        "preserve_aspect_ratio": true,
        "quality_threshold": 0.8
      },
      "processed_data_path": "data/processed",
      "raw_data_path": "data/raw/pokemon.csv",
      "test_split": 0.1,
      "train_split": 0.8,
      "val_split": 0.1
    },
    "debug": {
      "check_nan": true,
      "profile_memory": false,
      "save_intermediate": false
    },
    "discriminator": {
      "architecture": "progressive",
      "base_channels": 64,
      "enabled": true,
      "gradient_penalty": true,
      "learning_rate_ratio": 4.0,
      "max_channels": 512,
      "spectral_normalization": true
    },
    "generation": {
      "default_noise_scale": 1.0,
      "ensemble_size": 1,
      "ensemble_strategy": "average",
      "generate_multiple_scales": true,
      "scales": [
        128,
        192,
        256,
        320
      ],
      "temperature": 0.8,
      "top_k_sampling": false
    },
    "logging": {
      "calculate_fid_every": 25,
      "calculate_is_every": 25,
      "log_every": 10,
      "log_gradients": true,
      "log_weights": true,
      "project_name": "pikapika-high-quality-v2",
      "save_samples_every": 20,
      "use_tensorboard": true,
      "use_wandb": false
    },
    "loss": {
      "adversarial_weight": 0.5,
      "color_consistency_weight": 0.5,
      "edge_loss_weight": 1.0,
      "feature_matching_weight": 1.0,
      "gradient_penalty_weight": 10.0,
      "perceptual_weight": 2.5,
      "reconstruction_weight": 15.0,
      "texture_preservation_weight": 0.5
    },
    "mixed_precision": {
      "enabled": false,
      "opt_level": "O1"
    },
    "model": {
      "attention": {
        "attention_dim": 512,
        "cross_attention": true,
        "spatial_attention": true
      },
      "encoder": {
        "attention_heads": 12,
        "attention_layers": 6,
        "dropout": 0.1,
        "hidden_dim": 512,
        "max_length": 128,
        "model_name": "prajjwal1/bert-mini"
      },
      "generator": {
        "activation": "leaky_relu",
        "attention_resolution": [
          32,
          64
        ],
        "base_channels": 768,
        "noise_dim": 256,
        "normalization": "spectral",
        "num_upsampling_blocks": 6,
        "output_size": 320,
        "text_dim": 512,
        "use_self_attention": true
      }
    },
    "paths": {
      "checkpoints_dir": "data/models/checkpoints_hq_v2",
      "logs_dir": "logs",
      "models_dir": "data/models",
      "samples_dir": "outputs/samples_hq_v2"
    },
    "post_processing": {
      "auto_enhance": true,
      "denoise": true,
      "denoise_strength": 0.1,
      "enabled": true,
      "enhance_contrast": 1.2,
      "enhance_saturation": 1.1,
      "sharpen_factor": 0.15
    },
    "project": {
      "device": "cpu",
      "name": "PikaPikaGenerator_HighQuality_V2",
      "seed": 42
    },
    "quality_control": {
      "max_gradient_norm": 10.0,
      "min_loss_improvement": 0.001,
      "monitor_gradient_norm": true,
      "monitor_loss_stability": true,
      "quality_check_frequency": 10,
      "save_best_fid": true,
      "save_best_visual": true
    },
    "regularization": {
      "dropout_rate": 0.1,
      "label_smoothing": 0.1,
      "noise_injection": 0.05,
      "weight_decay": 0.001
    },
    "training": {
      "batch_size": 2,
      "beta1": 0.0,
      "beta2": 0.99,
      "gradient_clip": 0.5,
      "learning_rate": 0.0001,
      "min_delta": 0.0001,
      "num_epochs": 300,
      "num_workers": 1,
      "patience": 80,
      "resume_training": true,
      "auto_load_checkpoint": true,
      "resume_from_best": false,
      "progressive_training": {
        "final_resolution": 320,
        "grow_every": 50,
        "start_resolution": 64
      },
      "sample_every": 5,
      "save_every": 20,
      "scheduler_params": {
        "T_0": 50,
        "T_mult": 2,
        "eta_min": 1e-05
      },
      "scheduler_type": "cosine_restart",
      "use_scheduler": true,
      "validate_every": 5
    }
  }
}